Material,Material Description,Sales department Email,Technical Department Email,
908101001,"CNDCTR, BR, ACSR, QUAIL (2/0 AWG), 6AL, 1ALWLD, 67.44MM2",shubham.kumbhar@dynatechconsultancy.com,manish.soni@dynatechconsultancy.com,
905890616,"CNDCTR, BR, ACSR, Merlin (336.4MCM), 18AL, 1ALWLD, 170MM2",shubham.kumbhar@dynatechconsultancy.com,manish.soni@dynatechconsultancy.com,905782685
905849994,"COVER,CONDUCTOR,36KV,75M LG",shubham.kumbhar@dynatechconsultancy.com,manish.soni@dynatechconsultancy.com,908101102
905902283,"CABLE, PWR, 600V/1KV, CU, 1C, 35MM2, XLPE",shubham.kumbhar@dynatechconsultancy.com,manish.soni@dynatechconsultancy.com,908111001
908111002,"CABLE, PWR, 600V/1KV, CU, 1C, 120MM2, XLPE",shubham.kumbhar@dynatechconsultancy.com,manish.soni@dynatechconsultancy.com,
908111003,"CABLE, PWR, 600V/1KV, CU, 1C, 185MM2, XLPE",shubham.kumbhar@dynatechconsultancy.com,manish.soni@dynatechconsultancy.com,
908111004,"CABLE, PWR, 600V/1KV, CU, 1C, 630MM2, XLPE",shubham.kumbhar@dynatechconsultancy.com,manish.soni@dynatechconsultancy.com,
908111005,"CABLE, PWR, 600V/1KV, AL, 4C, 70MM2, XLPE",shubham.kumbhar@dynatechconsultancy.com,manish.soni@dynatechconsultancy.com,
908111006,"CABLE, PWR, 600V/1KV, AL, 4C, 185MM2, XLPE",shubham.kumbhar@dynatechconsultancy.com,manish.soni@dynatechconsultancy.com,
908111007,"CABLE, PWR, 600V/1KV, AL, 4C, 300MM2, XLPE",shubham.kumbhar@dynatechconsultancy.com,manish.soni@dynatechconsultancy.com,
908111010,"CABLE, CNTRL, 750V, CU, 12CORE, 2.5SQMM, PVC",shubham.kumbhar@dynatechconsultancy.com,manish.soni@dynatechconsultancy.com,
908111011,"CABLE, CNTRL, 750V, CU, 2CORE, 2.5SQMM, PVC",shubham.kumbhar@dynatechconsultancy.com,manish.soni@dynatechconsultancy.com,
908111101,"CNDCTR, BR, CU, 35SQMM, 7STR, SOFT DRWN",shubham.kumbhar@dynatechconsultancy.com,manish.soni@dynatechconsultancy.com,
908111102,"CNDCTR, BR, CU, 70SQMM, 19STR, SOFT DRWN ",shubham.kumbhar@dynatechconsultancy.com,manish.soni@dynatechconsultancy.com,
908112120,"CABLE, PWR, 600V/1KV, QUADRUPLEX, 3X120MM2 AL + 1X120MM2 ACSR/AW",shubham.kumbhar@dynatechconsultancy.com,manish.soni@dynatechconsultancy.com,
908113004,"CABLE, PWR, 15KV, AL, 3C, 70/16MM2, XPLE, ARM",shubham.kumbhar@dynatechconsultancy.com,manish.soni@dynatechconsultancy.com,
908113005,"CABLE, PWR, 15KV, CU, 1C, 50/16MM2, XLPLE, UARM",shubham.kumbhar@dynatechconsultancy.com,manish.soni@dynatechconsultancy.com,
908113006,"CABLE, PWR, 36KV, CU, 1C, 500/35MM2, XPLE, UARM",shubham.kumbhar@dynatechconsultancy.com,manish.soni@dynatechconsultancy.com,
908113009,"CABLE, PWR, 36KV, CU, 1C, 50/16MM2, XPLE, UARM",shubham.kumbhar@dynatechconsultancy.com,manish.soni@dynatechconsultancy.com,
908114004,"CABLE,PWR,15KV,AL,3C,500/35MM2,XPLE,ARM",shubham.kumbhar@dynatechconsultancy.com,manish.soni@dynatechconsultancy.com,
908114005,"CABLE, 3 x 400/35, 3-Core, Aluminum, Unarmored, XLPE/LLDPE, 36kV",shubham.kumbhar@dynatechconsultancy.com,manish.soni@dynatechconsultancy.com,
908121004,"JOINT KIT,STR,15KV,3X185/35MM2,CU,UAR",shubham.kumbhar@dynatechconsultancy.com,manish.soni@dynatechconsultancy.com,
908121010,"TERMINATION KIT, STR, 1KV, 4X300MM2, AL",shubham.kumbhar@dynatechconsultancy.com,manish.soni@dynatechconsultancy.com,
908121115,"TERM KIT,STR,PM,36KV,50/16MM2,CU,O/D",shubham.kumbhar@dynatechconsultancy.com,manish.soni@dynatechconsultancy.com,
908121150,"JOINT KIT,STR,PM.15KV,3X500/35MM2,AL,ARM",shubham.kumbhar@dynatechconsultancy.com,manish.soni@dynatechconsultancy.com,
908121151,"TERM KIT,STR,PM,15KV,3X500/35MM2,AL,OTDR",shubham.kumbhar@dynatechconsultancy.com,manish.soni@dynatechconsultancy.com,
908122002,"CONNECTOR, LUG, 35MM2 CU, (1)M10, BLT HL",shubham.kumbhar@dynatechconsultancy.com,manish.soni@dynatechconsultancy.com,
908122006,"CONNECTOR, LUG, 630MM2 CU, (4)M10 BLT HL",shubham.kumbhar@dynatechconsultancy.com,manish.soni@dynatechconsultancy.com,
901212633,"CONNECTOR, LUG, 300MM2 AL, (1)M12 BLT HL",shubham.kumbhar@dynatechconsultancy.com,manish.soni@dynatechconsultancy.com,
908151002,"INSULATOR, POST, PORC, 13.8KV, 152MM DIA, CRP DIST 552MM",shubham.kumbhar@dynatechconsultancy.com,manish.soni@dynatechconsultancy.com,
908151003,"INSULATOR, POST, PORC, 35KV, 185MM DIA, CRP DIST 1320MM",shubham.kumbhar@dynatechconsultancy.com,manish.soni@dynatechconsultancy.com,
908151004,"INSULATOR, POST, PORC, 35 KV, 178MM DIA, CRP DIST 825MM",shubham.kumbhar@dynatechconsultancy.com,manish.soni@dynatechconsultancy.com,
908151005,"INSULATOR, SUSP, PORC, 254MM, 70KN, 146MMSPC, CRP DIST 292MM",shubham.kumbhar@dynatechconsultancy.com,manish.soni@dynatechconsultancy.com,
908152001,"INSULATOR:POST,LINE VERTICAL MOUNTING,13.8 KV,FRP/SILICONE RUBBER",shubham.kumbhar@dynatechconsultancy.com,manish.soni@dynatechconsultancy.com,
908152002,"INSULATOR:POST,LINE VERTICAL MOUNTING,33 KV,FRP/SILICONE RUBBER",shubham.kumbhar@dynatechconsultancy.com,manish.soni@dynatechconsultancy.com,
908152003,"INSULATOR,SUSPENSION:ROD,13.8 KV,FRP/SILICONE RUBBER",shubham.kumbhar@dynatechconsultancy.com,manish.soni@dynatechconsultancy.com,
908152004,"INSULATOR,SUSPENSION:ROD,33 KV,FRP/SILICONE RUBBER",shubham.kumbhar@dynatechconsultancy.com,manish.soni@dynatechconsultancy.com,
908152005,"SPACER,CNDTR,13.8KV,552MMX10MMDIA,CLAMP",shubham.kumbhar@dynatechconsultancy.com,manish.soni@dynatechconsultancy.com,
908152007,"SPACER,CNDTR,33KV,1320MMX10MMDIA,CLAMP",shubham.kumbhar@dynatechconsultancy.com,manish.soni@dynatechconsultancy.com,
908201001,"POLE, STL, DIST, LV, 10MLG, TPROCT, OC10",shubham.kumbhar@dynatechconsultancy.com,manish.soni@dynatechconsultancy.com,
908201003,"POLE, STL, DIST, MV, 13MLG, TPROCT, OC13S",shubham.kumbhar@dynatechconsultancy.com,manish.soni@dynatechconsultancy.com,
908201004,"POLE, STL, DIST, MV, 14MLG, TPROCT, OC14S",shubham.kumbhar@dynatechconsultancy.com,manish.soni@dynatechconsultancy.com,
908201005,"POLE, STL, DIST, MV, 14MLG, TPROCT, OC14D",shubham.kumbhar@dynatechconsultancy.com,manish.soni@dynatechconsultancy.com,
908201006,"POLE, STL, DIST, MV, 15MLG, TPROCT, OC15SD",shubham.kumbhar@dynatechconsultancy.com,manish.soni@dynatechconsultancy.com,
908201007,"POLE, STL, DIST, LV, 10MLG, TPROCT, OC10SFS",shubham.kumbhar@dynatechconsultancy.com,manish.soni@dynatechconsultancy.com,
908201009,"POLE, STL, DIST, MV, 13MLG, TPROCT, OC13SFS",shubham.kumbhar@dynatechconsultancy.com,manish.soni@dynatechconsultancy.com,
908201010,"POLE, STL, DIST, MV, 14MLG, TPROCT, OC14SFS",shubham.kumbhar@dynatechconsultancy.com,manish.soni@dynatechconsultancy.com,
908201011,"POLE, STL, DIST, MV, 15MLG, TPROCT, OC15SFS",shubham.kumbhar@dynatechconsultancy.com,manish.soni@dynatechconsultancy.com,
908201012,"POLE,SP,PWR,DIST,OC23S/D,STL,23M LG",shubham.kumbhar@dynatechconsultancy.com,manish.soni@dynatechconsultancy.com,
908201013,"POLE,SP,PWR,DIST,OC29S/D,STL,29M LG",shubham.kumbhar@dynatechconsultancy.com,manish.soni@dynatechconsultancy.com,
908201014,"POLE,SP,PWR,DIST,OC18S/D,STL,18M LG",shubham.kumbhar@dynatechconsultancy.com,manish.soni@dynatechconsultancy.com,
908202002,"BAND,STRAPPING,SSTL,20MM WD X 0.70MM TH",shubham.kumbhar@dynatechconsultancy.com,manish.soni@dynatechconsultancy.com,
908202012,"BOLT,MACH,GS,20MM DIA,60MM LG,HEX",shubham.kumbhar@dynatechconsultancy.com,manish.soni@dynatechconsultancy.com,
908202015,"BOLT,MACH,GS,20MM DIA,265MM LG,HEX",shubham.kumbhar@dynatechconsultancy.com,manish.soni@dynatechconsultancy.com,
908202019,"BOLT,MACH,GS,20MM DIA,310MM LG,HEX",shubham.kumbhar@dynatechconsultancy.com,manish.soni@dynatechconsultancy.com,
908202023,"BOLT,MACH,GS,20MM DIA,365MM LG,HEX",shubham.kumbhar@dynatechconsultancy.com,manish.soni@dynatechconsultancy.com,
908202024,"BOLT,MACH,GS,20MM DIA,380MM LG,HEX",shubham.kumbhar@dynatechconsultancy.com,manish.soni@dynatechconsultancy.com,
908202025,"BOLT,MACH,GS,20MM DIA,400MM LG,HEX",shubham.kumbhar@dynatechconsultancy.com,manish.soni@dynatechconsultancy.com,
908202026,"BRACKET,PHASE PLATE MTG,GS,40X20X30MM",shubham.kumbhar@dynatechconsultancy.com,manish.soni@dynatechconsultancy.com,
908202027,"BUCKLE,STRAP,CRIMP,SSTL,20MM WD",shubham.kumbhar@dynatechconsultancy.com,manish.soni@dynatechconsultancy.com,
908202032,"BAND,POLE,100WDX12TH,106MMDIA A/F,HDGS",shubham.kumbhar@dynatechconsultancy.com,manish.soni@dynatechconsultancy.com,
908202033,"SLEEVE,STRAPPING BAND,PVC,24X4.6MM",shubham.kumbhar@dynatechconsultancy.com,manish.soni@dynatechconsultancy.com,
908202036,"NUT,EYE,GS,16MM BLT SZ,40MMWD X 50MM LG",shubham.kumbhar@dynatechconsultancy.com,manish.soni@dynatechconsultancy.com,
908202037,"NUT,EYE,GS,20MM BLT SZ,40MM WD X 50MM LG",shubham.kumbhar@dynatechconsultancy.com,manish.soni@dynatechconsultancy.com,
908202042,"PLATE,DA,GS,100X700X12MM, 22MM DIA HOLE",shubham.kumbhar@dynatechconsultancy.com,manish.soni@dynatechconsultancy.com,
908202044,"PLATE,EARTHWIRE SPRT,GS,64MM WDX40MM DP",shubham.kumbhar@dynatechconsultancy.com,manish.soni@dynatechconsultancy.com,
908202045,"PLATE,PHASE,AL,80MM DIA X 1.5MM TH",shubham.kumbhar@dynatechconsultancy.com,manish.soni@dynatechconsultancy.com,
908202051,"ROD,ARMOR,AA,67.44SQMM ACSR/AW,4.24MMDIA",shubham.kumbhar@dynatechconsultancy.com,manish.soni@dynatechconsultancy.com,
908202052,"ROD,ARMOR,CONDUCTOR,125.1 SQ MM (4/0) (PENGUIN),AL ALLOY",shubham.kumbhar@dynatechconsultancy.com,manish.soni@dynatechconsultancy.com,
908202053,"ROD,GRD,CUWLD STL,16MM DIA,1200MM LG",shubham.kumbhar@dynatechconsultancy.com,manish.soni@dynatechconsultancy.com,
908202054,"ROD,GRD,CUWLD STL,16MM DIA,2400MM LG",shubham.kumbhar@dynatechconsultancy.com,manish.soni@dynatechconsultancy.com,
908202055,"SHACKLE,ANCHOR,FSTL,16MM DIA,45KN MIN",shubham.kumbhar@dynatechconsultancy.com,manish.soni@dynatechconsultancy.com,
908202057,"SLEEVE,REPAIR,67.4SQMMACSR/AW,AL,255MMLG",shubham.kumbhar@dynatechconsultancy.com,manish.soni@dynatechconsultancy.com,
908202061,"CONNECTOR,SLV,67.4 SQMM/AW,AL,36KN",shubham.kumbhar@dynatechconsultancy.com,manish.soni@dynatechconsultancy.com,
908202062,"CONNECTOR,SLV,120SQMM ACSR/AW,AL,45KN",shubham.kumbhar@dynatechconsultancy.com,manish.soni@dynatechconsultancy.com,
908202063,"CONNECTOR,SLV,170.5SQMM ACSR/AW,AL,45KN",shubham.kumbhar@dynatechconsultancy.com,manish.soni@dynatechconsultancy.com,
908202064,"CONNECTOR,SLV,120SQMM AL, AL W/NYL JKT",shubham.kumbhar@dynatechconsultancy.com,manish.soni@dynatechconsultancy.com,
908202067,"SUPPORT,WIRE SUSP,GS,L-120X120X10X150MM",shubham.kumbhar@dynatechconsultancy.com,manish.soni@dynatechconsultancy.com,
908202069,"THIMBLE,GUY,GS,50X22X80X3MM,8MM RAD",shubham.kumbhar@dynatechconsultancy.com,manish.soni@dynatechconsultancy.com,
908202075,"TIE,INSUL,PREF TOP,QUAIL,ARM,73MM THR",shubham.kumbhar@dynatechconsultancy.com,manish.soni@dynatechconsultancy.com,
908202076,"TIE,INSUL,PREF TOP,QUAIL,73MM THR DIA",shubham.kumbhar@dynatechconsultancy.com,manish.soni@dynatechconsultancy.com,
908202077,"TIE,INSUL,PREF TOP,MERLIN,73MM THR DIA",shubham.kumbhar@dynatechconsultancy.com,manish.soni@dynatechconsultancy.com,
908202080,"CROSSARM,METAL,GS,L100X100X12X2400MM",shubham.kumbhar@dynatechconsultancy.com,manish.soni@dynatechconsultancy.com,
908202081,"CHANNEL,FUSE CUTOUT,C125X65X65X6X2400MM",shubham.kumbhar@dynatechconsultancy.com,manish.soni@dynatechconsultancy.com,
908202082,"CHANNEL,TFMR MTG,GS,150X75X75X6.5X2400MM",shubham.kumbhar@dynatechconsultancy.com,manish.soni@dynatechconsultancy.com,
908202086,"BAND,POLE,100WDX12TH,166MMDIA A/F,HDGS",shubham.kumbhar@dynatechconsultancy.com,manish.soni@dynatechconsultancy.com,
908202087,"BAND,POLE,100WDX12TH,242MMDIA A/F,HDGS ",shubham.kumbhar@dynatechconsultancy.com,manish.soni@dynatechconsultancy.com,
908202088,"BAND,POLE,100WDX12TH,210MMDIA A/F,HDGS",shubham.kumbhar@dynatechconsultancy.com,manish.soni@dynatechconsultancy.com,
908202089,"WIRE,BARBED,GCSTL,2.5+/-0.1MM STR DIA",shubham.kumbhar@dynatechconsultancy.com,manish.soni@dynatechconsultancy.com,
908202090,"CLIP,BARBED WIRE,SSTL",shubham.kumbhar@dynatechconsultancy.com,manish.soni@dynatechconsultancy.com,
908202091,"CLAMP,STRAIN,AA,11.34MMDIA,36KN,3-BOLTS",shubham.kumbhar@dynatechconsultancy.com,manish.soni@dynatechconsultancy.com,
908202092,"CLAMP,STRAIN,AA,17.35MM,45KN,3-BOLTS",shubham.kumbhar@dynatechconsultancy.com,manish.soni@dynatechconsultancy.com,
908202093,"CLAMP,STRAIN,AA,11.34MMDIA,36KN,STRAIGHT",shubham.kumbhar@dynatechconsultancy.com,manish.soni@dynatechconsultancy.com,
908202094,"CLAMP,STRAIN,AA,14.31MMDIA,45KN,STRAIGHT",shubham.kumbhar@dynatechconsultancy.com,manish.soni@dynatechconsultancy.com,
908202096,"CLAMP,SUSP,AA,11.34 MM DIA,36KN UTS",shubham.kumbhar@dynatechconsultancy.com,manish.soni@dynatechconsultancy.com,
908202099,"BRACKET,DANGER SIGN MTG,GS,40X5X120MM",shubham.kumbhar@dynatechconsultancy.com,manish.soni@dynatechconsultancy.com,
908202101,"CLAMP,TOP SERV MAST,GS,76X40X6X176/230MM",shubham.kumbhar@dynatechconsultancy.com,manish.soni@dynatechconsultancy.com,
908202102,"CLAMP,SERV MAST,GS,76MMDIAX60MMWDX4MMTH",shubham.kumbhar@dynatechconsultancy.com,manish.soni@dynatechconsultancy.com,
908202103,"CLAMP,THROUGH WALL,GS,76MMDIA,M16X254MM",shubham.kumbhar@dynatechconsultancy.com,manish.soni@dynatechconsultancy.com,
908202104,"CONDUIT,PVC,70MM ODX1110MM LG,W/CPLG",shubham.kumbhar@dynatechconsultancy.com,manish.soni@dynatechconsultancy.com,
908202183,"CONNECTOR,PG,AL,MERLIN ACSR/AW,COMP",shubham.kumbhar@dynatechconsultancy.com,manish.soni@dynatechconsultancy.com,
908202184,"COVER,H-TAP,HI-DENSITY PLST,40X47X140MM",shubham.kumbhar@dynatechconsultancy.com,manish.soni@dynatechconsultancy.com,
908202185,"CONNECTOR,PG,AL,MERLIN/AW,QUAIL/AW,COMP",shubham.kumbhar@dynatechconsultancy.com,manish.soni@dynatechconsultancy.com,
908202186,"LINK,EXTN,GS,CLEVIS-EYE,45KN,355MM LG",shubham.kumbhar@dynatechconsultancy.com,manish.soni@dynatechconsultancy.com,
908202187,"CONNECTOR,PG,AL,QUAIL ACSR/AW,COMP",shubham.kumbhar@dynatechconsultancy.com,manish.soni@dynatechconsultancy.com,
908202188,"GRIP,GUY,PREF,GS,940MM LG,101 KN,RED",shubham.kumbhar@dynatechconsultancy.com,manish.soni@dynatechconsultancy.com,
908202189,"CONNECTOR,GRNDG,C,CU,100-125SQMMCU",shubham.kumbhar@dynatechconsultancy.com,manish.soni@dynatechconsultancy.com,
908202190,"GRIP,WEDGE,AA,50-120SQMM ACSR/AW",shubham.kumbhar@dynatechconsultancy.com,manish.soni@dynatechconsultancy.com,
908202192,"GUARD,GRD WIRE,PVC,12.7MM DIAX2440MM LG",shubham.kumbhar@dynatechconsultancy.com,manish.soni@dynatechconsultancy.com,
908202193,"GUARD,GUY,PVC-YELLOW,51MMWDX2440MMLG",shubham.kumbhar@dynatechconsultancy.com,manish.soni@dynatechconsultancy.com,
908202194,"HEAD,SERV ENT,AL,SLIP-ON W/2BLT,76MM OD",shubham.kumbhar@dynatechconsultancy.com,manish.soni@dynatechconsultancy.com,
908202196,"CONNECTOR,PG,AL,120SQMM QPLX,COMP",shubham.kumbhar@dynatechconsultancy.com,manish.soni@dynatechconsultancy.com,
908202198,"BOLT,EYE,GS,16MM DIA,180MM LG,SHOULDER",shubham.kumbhar@dynatechconsultancy.com,manish.soni@dynatechconsultancy.com,
908202201,"CLAMP,SUSP,AA,14.31 MM DIA,45KN MIN UTS",shubham.kumbhar@dynatechconsultancy.com,manish.soni@dynatechconsultancy.com,
908202203,"ROD,ANCHOR,GS,24MM,2500MM,TWIN,ADJ",shubham.kumbhar@dynatechconsultancy.com,manish.soni@dynatechconsultancy.com,
908202204,"PLATE,ANCHOR,GS,450X450X10MM,26MM HOLE",shubham.kumbhar@dynatechconsultancy.com,manish.soni@dynatechconsultancy.com,
908202205,"PLATE,ANCHOR,GS,450X450X6MM,18MM HOLE",shubham.kumbhar@dynatechconsultancy.com,manish.soni@dynatechconsultancy.com,
908202206,"ROD,ANCHOR,GS,16MM,2500MM,ADJUSTABLE",shubham.kumbhar@dynatechconsultancy.com,manish.soni@dynatechconsultancy.com,
908202207,"PLATE,ANCHOR,GS,450X450X10MM,22MM HOLE",shubham.kumbhar@dynatechconsultancy.com,manish.soni@dynatechconsultancy.com,
908202208,"WIRE,GUY,STL,9.8MM DIA,7/3.25MM,65KN,LH",shubham.kumbhar@dynatechconsultancy.com,manish.soni@dynatechconsultancy.com,
908202209,"CONNECTOR,PG,AL,MERLIN/AW,3-BOLTS",shubham.kumbhar@dynatechconsultancy.com,manish.soni@dynatechconsultancy.com,
908202210,"CONNECTOR,PG,AL,120SQMM,50SQMM,COMP",shubham.kumbhar@dynatechconsultancy.com,manish.soni@dynatechconsultancy.com,
908202212,"CABLE,ARRESTER-EARTH,CU,35SQMMX500MM",shubham.kumbhar@dynatechconsultancy.com,manish.soni@dynatechconsultancy.com,
908202213,"BAND, POLE, 100WDX12THMM, 190MMDIA A/F, HDGS",shubham.kumbhar@dynatechconsultancy.com,manish.soni@dynatechconsultancy.com,
908202214,"BAND, POLE, 100WDX12THMM, 234MMDIA A/F, HDGS",shubham.kumbhar@dynatechconsultancy.com,manish.soni@dynatechconsultancy.com,
908202215,"ROD, ANCHOR, GS, 19MM, 2500MM, ADJUSTABLE",shubham.kumbhar@dynatechconsultancy.com,manish.soni@dynatechconsultancy.com,
908202216,"ROD, ANCHOR, GS, 19MM, 2500MM, TWIN, ADJ",shubham.kumbhar@dynatechconsultancy.com,manish.soni@dynatechconsultancy.com,
908202217,"BOLT, MACH, GS, 16MM DIA, 165MM LG, HEX",shubham.kumbhar@dynatechconsultancy.com,manish.soni@dynatechconsultancy.com,
908202218,"BOLT, MACH, GS, 16MM DIA, 300MM LG, HEX",shubham.kumbhar@dynatechconsultancy.com,manish.soni@dynatechconsultancy.com,
908202220,"BOLT, EYE, GS, 16MM DIA, 155MM LG, SHOULDER",shubham.kumbhar@dynatechconsultancy.com,manish.soni@dynatechconsultancy.com,
908202221,"BOLT, EYE, GS, 16MM DIA, 235MM LG, SHOULDER",shubham.kumbhar@dynatechconsultancy.com,manish.soni@dynatechconsultancy.com,
908202224,"BOLT, EYE, GS, 16MM DIA, 285MM LG, SHOULDER",shubham.kumbhar@dynatechconsultancy.com,manish.soni@dynatechconsultancy.com,
908202225,"BOLT, EYE, GS, 16MM DIA, 310MM LG, SHOULDER",shubham.kumbhar@dynatechconsultancy.com,manish.soni@dynatechconsultancy.com,
908202226,"BOLT, EYE, GS, 20MM DIA, 260MM LG, SHOULDER",shubham.kumbhar@dynatechconsultancy.com,manish.soni@dynatechconsultancy.com,
908202228,"BRACE, CROSSARM, GS, BOTH END CLIPPED",shubham.kumbhar@dynatechconsultancy.com,manish.soni@dynatechconsultancy.com,
908202229,"PIPE, SERVICE DROP, GS, 70MMIDX76MMODX3MLG",shubham.kumbhar@dynatechconsultancy.com,manish.soni@dynatechconsultancy.com,
908202231,"CONDUIT,PVC,76MM ODX1000MM LG,W/CPLG NUT",shubham.kumbhar@dynatechconsultancy.com,manish.soni@dynatechconsultancy.com,
908202232,"CONDUIT,PVC,75MM IDX4000MM LG,W/CPLG NUT",shubham.kumbhar@dynatechconsultancy.com,manish.soni@dynatechconsultancy.com,
908202233,"CONDUIT,PVC,75MM IDX2000MM LG,W/CPLG NUT",shubham.kumbhar@dynatechconsultancy.com,manish.soni@dynatechconsultancy.com,
908202235,"CONNECTOR, PG, AL, 170SQMM, 67.4SQMM, 3-BOLTS",shubham.kumbhar@dynatechconsultancy.com,manish.soni@dynatechconsultancy.com,
908301003,"SWITCH, OHD, VERTICAL, 13.8KV, 3P, 400A, CRP 552MM",shubham.kumbhar@dynatechconsultancy.com,manish.soni@dynatechconsultancy.com,
908301007,"SWITCH, OHD, VERTICAL, 13.8KV, 3P, 600A, CRP 552MM",shubham.kumbhar@dynatechconsultancy.com,manish.soni@dynatechconsultancy.com,
908301009,"SWITCH, OHD, VERTICAL, 33KV, 3P, 400A, CRP 825MM",shubham.kumbhar@dynatechconsultancy.com,manish.soni@dynatechconsultancy.com,
908301015,"SWITCH, OHD, VERTICAL, 3P, 33KV, 600A, CRP 1320MM",shubham.kumbhar@dynatechconsultancy.com,manish.soni@dynatechconsultancy.com,
908312001,"PILLAR, DIST, LV, GLASS REINF, 400A",shubham.kumbhar@dynatechconsultancy.com,manish.soni@dynatechconsultancy.com,
908312002,"BASE, PILLAR DIST LV, GLASS REINF",shubham.kumbhar@dynatechconsultancy.com,manish.soni@dynatechconsultancy.com,
908312003,"PILLAR, DIST, LV, GLASS REINF, 400A, WITHOUT BASE",shubham.kumbhar@dynatechconsultancy.com,manish.soni@dynatechconsultancy.com,
908327004,"SWGR,RMU,ODTR,NE,2LBS+1CB,33KV,3 P,60HZ",shubham.kumbhar@dynatechconsultancy.com,manish.soni@dynatechconsultancy.com,
908331004,"RECLOSER,33KV,560A,200KV BIL,1320MM CRP",shubham.kumbhar@dynatechconsultancy.com,manish.soni@dynatechconsultancy.com,
908331008,"RECLOSER,13.8KV,560A,110KV BIL,552MM CRP",shubham.kumbhar@dynatechconsultancy.com,manish.soni@dynatechconsultancy.com,
908332004,"SECTIONELIZER,33KV,400A,200KV BIL,1320MM CRP",shubham.kumbhar@dynatechconsultancy.com,manish.soni@dynatechconsultancy.com,
908332008,"SECTIONELIZER,13.8KV,400A,110KV BIL,552MM CRP",shubham.kumbhar@dynatechconsultancy.com,manish.soni@dynatechconsultancy.com,
908341002,"CUTOUT, FUSE, 200A, 13.8KV, 660MM CRP, BIL 95KV",shubham.kumbhar@dynatechconsultancy.com,manish.soni@dynatechconsultancy.com,
908341003,"CUTOUT, FUSE, 100A, 33KV, 825MM CRP, BIL 170KV",shubham.kumbhar@dynatechconsultancy.com,manish.soni@dynatechconsultancy.com,
908341101,"CUTOUT, FUSE, 100A, 13.8KV, 660MMCRP, , BIL 110KV",shubham.kumbhar@dynatechconsultancy.com,manish.soni@dynatechconsultancy.com,
908341104,"CUTOUT, FUSE, 100A, 33KV, 1320MM CRP, BIL 200KV",shubham.kumbhar@dynatechconsultancy.com,manish.soni@dynatechconsultancy.com,
908342001,"LINK, FUSE, 15.2KV, 3A, FAST",shubham.kumbhar@dynatechconsultancy.com,manish.soni@dynatechconsultancy.com,
908342002,"LINK, FUSE, 15.2KV, 6A, FAST",shubham.kumbhar@dynatechconsultancy.com,manish.soni@dynatechconsultancy.com,
908342003,"LINK, FUSE, 15.2KV, 8A, FAST",shubham.kumbhar@dynatechconsultancy.com,manish.soni@dynatechconsultancy.com,
908342004,"LINK, FUSE, 15.2KV, 10A, FAST",shubham.kumbhar@dynatechconsultancy.com,manish.soni@dynatechconsultancy.com,
908342005,"LINK, FUSE, 15.2KV, 12A, FAST",shubham.kumbhar@dynatechconsultancy.com,manish.soni@dynatechconsultancy.com,
908342006,"LINK, FUSE, 15.2KV, 15A, FAST",shubham.kumbhar@dynatechconsultancy.com,manish.soni@dynatechconsultancy.com,
908342007,"LINK, FUSE, 15.2KV, 20A, FAST",shubham.kumbhar@dynatechconsultancy.com,manish.soni@dynatechconsultancy.com,
908342008,"LINK, FUSE, 15.2KV, 25A, FAST",shubham.kumbhar@dynatechconsultancy.com,manish.soni@dynatechconsultancy.com,
908342009,"LINK, FUSE, 15.2KV, 30A, FAST",shubham.kumbhar@dynatechconsultancy.com,manish.soni@dynatechconsultancy.com,
908342010,"LINK, FUSE, 15.2KV, 40A, FAST",shubham.kumbhar@dynatechconsultancy.com,manish.soni@dynatechconsultancy.com,
908342011,"LINK, FUSE, 15.2KV, 50A, FAST",shubham.kumbhar@dynatechconsultancy.com,manish.soni@dynatechconsultancy.com,
908342012,"LINK, FUSE, 15.2KV, 65A, FAST",shubham.kumbhar@dynatechconsultancy.com,manish.soni@dynatechconsultancy.com,
908342013,"LINK, FUSE, 15.2KV, 80A, FAST",shubham.kumbhar@dynatechconsultancy.com,manish.soni@dynatechconsultancy.com,
908342014,"LINK, FUSE, 15.2KV, 100A, FAST",shubham.kumbhar@dynatechconsultancy.com,manish.soni@dynatechconsultancy.com,
908342015,"LINK, FUSE, 15.2KV, 140A, FAST",shubham.kumbhar@dynatechconsultancy.com,manish.soni@dynatechconsultancy.com,
908342016,"LINK, FUSE, 15.2KV, 200A, FAST",shubham.kumbhar@dynatechconsultancy.com,manish.soni@dynatechconsultancy.com,
908342017,"LINK, FUSE, 36KV, 3A, FAST",shubham.kumbhar@dynatechconsultancy.com,manish.soni@dynatechconsultancy.com,
908342018,"LINK, FUSE, 36KV, 6A, FAST",shubham.kumbhar@dynatechconsultancy.com,manish.soni@dynatechconsultancy.com,
908342019,"LINK, FUSE, 36KV, 8A, FAST",shubham.kumbhar@dynatechconsultancy.com,manish.soni@dynatechconsultancy.com,
908342020,"LINK, FUSE, 36KV, 10A, FAST",shubham.kumbhar@dynatechconsultancy.com,manish.soni@dynatechconsultancy.com,
908342021,"LINK, FUSE, 36KV, 12A, FAST",shubham.kumbhar@dynatechconsultancy.com,manish.soni@dynatechconsultancy.com,
908342022,"LINK, FUSE, 36KV, 15A, FAST",shubham.kumbhar@dynatechconsultancy.com,manish.soni@dynatechconsultancy.com,
908342023,"LINK, FUSE, 36KV, 20A, FAST",shubham.kumbhar@dynatechconsultancy.com,manish.soni@dynatechconsultancy.com,
908342024,"LINK, FUSE, 36KV, 25A, FAST",shubham.kumbhar@dynatechconsultancy.com,manish.soni@dynatechconsultancy.com,
908342025,"LINK, FUSE, 36KV, 30A, FAST",shubham.kumbhar@dynatechconsultancy.com,manish.soni@dynatechconsultancy.com,
908342026,"LINK, FUSE, 36KV, 40A, FAST",shubham.kumbhar@dynatechconsultancy.com,manish.soni@dynatechconsultancy.com,
908342027,"LINK, FUSE, 36KV, 50A, FAST",shubham.kumbhar@dynatechconsultancy.com,manish.soni@dynatechconsultancy.com,
908342028,"LINK, FUSE, 36KV, 65A, FAST",shubham.kumbhar@dynatechconsultancy.com,manish.soni@dynatechconsultancy.com,
908342029,"LINK, FUSE, 36KV, 80A, FAST",shubham.kumbhar@dynatechconsultancy.com,manish.soni@dynatechconsultancy.com,
908342030,"LINK, FUSE, 36KV, 100A, FAST",shubham.kumbhar@dynatechconsultancy.com,manish.soni@dynatechconsultancy.com,
908342033,"FUSE, POWER, 17.5KV, 80A",shubham.kumbhar@dynatechconsultancy.com,manish.soni@dynatechconsultancy.com,
908351002,"ARRESTER, SURGE, 15KV, 552MM CRP, 5KA OPR WITH DISCON &PRESS RELIEF",shubham.kumbhar@dynatechconsultancy.com,manish.soni@dynatechconsultancy.com,
908351004,"ARRESTER, SURGE, 36KV, 1320MM CRP, 10KA OPR DUTY WITH DISCON &PRESS RELIEF",shubham.kumbhar@dynatechconsultancy.com,manish.soni@dynatechconsultancy.com,
908371003,"BREAKER, MC, 750VAC, 100A, 3P, 220/127&380/220V",shubham.kumbhar@dynatechconsultancy.com,manish.soni@dynatechconsultancy.com,
908371004,"BREAKER, MC, 750VAC, 150A, 3P, 220/127&380/220V",shubham.kumbhar@dynatechconsultancy.com,manish.soni@dynatechconsultancy.com,
908371010,"BREAKER:CIRCUIT, MOLDED CASE,800 A ,BOLTED SPREADER LINE SIDE, B AND N TO BUSBAR LOAD SIDE ,800 A ,65 KA AT 220/127 V AC, ",shubham.kumbhar@dynatechconsultancy.com,manish.soni@dynatechconsultancy.com,
908381000,"INDICATOR,FAULT,AUTOMATIC RESET,25/50A",shubham.kumbhar@dynatechconsultancy.com,manish.soni@dynatechconsultancy.com,
908382000,"INDICATOR:FAULT,AUTO RESET,O/H,500 A MAX",shubham.kumbhar@dynatechconsultancy.com,manish.soni@dynatechconsultancy.com,
908402203,"METER,ESERV,DIG,400/230/133V,10(100)A",shubham.kumbhar@dynatechconsultancy.com,manish.soni@dynatechconsultancy.com,
908402207,"METER,ESERV,DIG,WC,133/230/400V,20(160)A",shubham.kumbhar@dynatechconsultancy.com,manish.soni@dynatechconsultancy.com,
908402208,"METER,ESERV,DIG,WC,133/230/400V,10(100)A",shubham.kumbhar@dynatechconsultancy.com,manish.soni@dynatechconsultancy.com,
908421001,"BOX, M, 1 CUST UP TO 150A, 380V, OTDR",shubham.kumbhar@dynatechconsultancy.com,manish.soni@dynatechconsultancy.com,
908421002,"BOX, M, 2 CUST UP TO 150A EACH, 380V, OTDR",shubham.kumbhar@dynatechconsultancy.com,manish.soni@dynatechconsultancy.com,
908421003,"BOX, M, 4 CUST UP TO 150A EACH, 380V, OTDR",shubham.kumbhar@dynatechconsultancy.com,manish.soni@dynatechconsultancy.com,
908421004,"BOX, M, 1 CUST, DIST, 380+5%V, CT OPER, REMOTE, OTDR",shubham.kumbhar@dynatechconsultancy.com,manish.soni@dynatechconsultancy.com,
908421005,"BOX, M, 1 CUST, CT, 380V, 200A, OTDR",shubham.kumbhar@dynatechconsultancy.com,manish.soni@dynatechconsultancy.com,
908421006,"BOX, M, 1 CUST, CT, 380V, 300/400A, OTDR",shubham.kumbhar@dynatechconsultancy.com,manish.soni@dynatechconsultancy.com,
908421007,"BOX,M,1CUST,CT,380V,630A,785X205X965MM",shubham.kumbhar@dynatechconsultancy.com,manish.soni@dynatechconsultancy.com,
908422800,"CABINET, SERVICE, 800A, POLYESTER",shubham.kumbhar@dynatechconsultancy.com,manish.soni@dynatechconsultancy.com,
908423001,"BOX,M,4CUST,150A,380V,INDR,400X230X1900",shubham.kumbhar@dynatechconsultancy.com,manish.soni@dynatechconsultancy.com,
908423002,"BOX,SERVICE,380V,400A,400X230X1235MM",shubham.kumbhar@dynatechconsultancy.com,manish.soni@dynatechconsultancy.com,
908431012,"CAPACITOR BANK, SWITCHED, 900KVAR (3X300KVAR), 15KV, BIL 110KV, 552MM CRP",shubham.kumbhar@dynatechconsultancy.com,manish.soni@dynatechconsultancy.com,
908431028,"CAPACITOR BANK,600KVAR,36KV,200KV BIL, , SWITCHED",shubham.kumbhar@dynatechconsultancy.com,manish.soni@dynatechconsultancy.com,
908431030,"CAPACITOR BANK,900KVAR,36KV,200KV BIL, , SWITCHED",shubham.kumbhar@dynatechconsultancy.com,manish.soni@dynatechconsultancy.com,
908513002,"TFMR,PD,1MVA,13.8KV/400-230V,110KV BIL,AL",shubham.kumbhar@dynatechconsultancy.com,manish.soni@dynatechconsultancy.com,
908513016,"TFMR,PL,100KVA,33KV/400-230V,200KV BIL,AL",shubham.kumbhar@dynatechconsultancy.com,manish.soni@dynatechconsultancy.com,
908567019,"TFMR,UNIT SUB,1 MVA, AL,13.8KV,231/133V, DUAL,3000 A,(12) CIRCUITS,(10) 400A MCCBS",shubham.kumbhar@dynatechconsultancy.com,manish.soni@dynatechconsultancy.com,
908567020,"TFMR,UNIT SUB,1.5 MVA, AL,13.8KV,231/133V, DUAL,4000 A,(14) CIRCUITS,(12) 400A MCCBS",shubham.kumbhar@dynatechconsultancy.com,manish.soni@dynatechconsultancy.com,
908020201,"LOCK,PAD,OPERATION,6MM,40MM,17.2MM,BRS",shubham.kumbhar@dynatechconsultancy.com,manish.soni@dynatechconsultancy.com,
908020202,"LOCK,PAD,SAFETY,6MM,40MM,17.2MM,BRS/RED",shubham.kumbhar@dynatechconsultancy.com,manish.soni@dynatechconsultancy.com,
908020203,"LOCK,CYLINDER,BRS,17WDX45DPX33MM HT",shubham.kumbhar@dynatechconsultancy.com,manish.soni@dynatechconsultancy.com,
908020204,"KEY,MASTER,BRS,47MMX2MM THK",shubham.kumbhar@dynatechconsultancy.com,manish.soni@dynatechconsultancy.com,
908021001,"OIL,INSUL,TRANSFORMER,0.19 SPGR,30KV",shubham.kumbhar@dynatechconsultancy.com,manish.soni@dynatechconsultancy.com,
908101101,"COVER,CONDUCTOR,15KV,75M LG,#MVLC-18-A/U",shubham.kumbhar@dynatechconsultancy.com,manish.soni@dynatechconsultancy.com,
908101103,"TOOL,COVER INSTALL,HAND,#MVLC-02",shubham.kumbhar@dynatechconsultancy.com,manish.soni@dynatechconsultancy.com,
908115001,"CABLE,FIBER OPTIC,NON METALIC,96,PVC JKT",shubham.kumbhar@dynatechconsultancy.com,manish.soni@dynatechconsultancy.com,
908121001,"JOINT KIT,STR,1KV,4X70MM2,AL,UAR",shubham.kumbhar@dynatechconsultancy.com,manish.soni@dynatechconsultancy.com,
908121002,"JOINT KIT,STR,1KV,4X185MM2,AL,UAR",shubham.kumbhar@dynatechconsultancy.com,manish.soni@dynatechconsultancy.com,
908121003,"JOINT KIT,STR,1KV,4X300MM2,AL,UAR",shubham.kumbhar@dynatechconsultancy.com,manish.soni@dynatechconsultancy.com,
908121008,"TERM KIT,STR,1KV,4X70MM2,AL",shubham.kumbhar@dynatechconsultancy.com,manish.soni@dynatechconsultancy.com,
908121009,"TERM KIT,STR,1KV,4X185MM2,AL",shubham.kumbhar@dynatechconsultancy.com,manish.soni@dynatechconsultancy.com,
908121017,"CAP,CBL END,1KV,4X70-185MM2,AL,XLPE/PVC",shubham.kumbhar@dynatechconsultancy.com,manish.soni@dynatechconsultancy.com,
908121019,"CAP,CBL END,1KV,4X300-3X185/35MM2,AL",shubham.kumbhar@dynatechconsultancy.com,manish.soni@dynatechconsultancy.com,
908121020,"CAP,CBL END,15KV,1X50/16MM2,CU,XLPE,UARM",shubham.kumbhar@dynatechconsultancy.com,manish.soni@dynatechconsultancy.com,
908121022,"CAP,CBL END,15KV,3X300/35MM2,CU/AL,XLPE",shubham.kumbhar@dynatechconsultancy.com,manish.soni@dynatechconsultancy.com,
908121023,"CAP,CBL END,15KV,3X70/16-1X500/35MM2,AL",shubham.kumbhar@dynatechconsultancy.com,manish.soni@dynatechconsultancy.com,
908121025,"SLEEVE,REPAIR,36KV,1X500/35MM2,XLPE,UARM",shubham.kumbhar@dynatechconsultancy.com,manish.soni@dynatechconsultancy.com,
908121029,"SLEEVE,REPAIR,1KV,4X70-185MM2,1500MM",shubham.kumbhar@dynatechconsultancy.com,manish.soni@dynatechconsultancy.com,
908121031,"SLEEVE,REPAIR,1KV,4X300MM2,XLPE/PVC,1500",shubham.kumbhar@dynatechconsultancy.com,manish.soni@dynatechconsultancy.com,
908121032,"SLEEVE,REPAIR,15KV,1X50MM2,1500MM LG",shubham.kumbhar@dynatechconsultancy.com,manish.soni@dynatechconsultancy.com,
908121034,"SLEEVE,REPAIR,15KV,3X300/35MM2,1500MM LG",shubham.kumbhar@dynatechconsultancy.com,manish.soni@dynatechconsultancy.com,
908121035,"SLEEVE,REPAIR,15KV,3X70/16-3X185/35MM2",shubham.kumbhar@dynatechconsultancy.com,manish.soni@dynatechconsultancy.com,
908121037,"CONN,ELEC,EL,DB",shubham.kumbhar@dynatechconsultancy.com,manish.soni@dynatechconsultancy.com,
908121040,"ELBOW,EC,15KV,400A,3X70/16MM2",shubham.kumbhar@dynatechconsultancy.com,manish.soni@dynatechconsultancy.com,
908121076,"BOOT,STR,15KV,1X50/16MM2,CU,XLPE",shubham.kumbhar@dynatechconsultancy.com,manish.soni@dynatechconsultancy.com,
908121077,"BOOT,STR,15KV,3X70/16MM2,AL,XLPE",shubham.kumbhar@dynatechconsultancy.com,manish.soni@dynatechconsultancy.com,
908121080,"BOOT,INSUL,CABLE-BUSHING,STR,36KV",shubham.kumbhar@dynatechconsultancy.com,manish.soni@dynatechconsultancy.com,
908121083,"BOOT,STR,36KV,1X50/16MM2,CU,XLPE",shubham.kumbhar@dynatechconsultancy.com,manish.soni@dynatechconsultancy.com,
908121105,"JOINT KIT,STR,PM,15KV,3X70/16MM2,AL,AR",shubham.kumbhar@dynatechconsultancy.com,manish.soni@dynatechconsultancy.com,
908121112,"TERM KIT,STR,PM,15KV,3X70/16MM2,AL,AR/I",shubham.kumbhar@dynatechconsultancy.com,manish.soni@dynatechconsultancy.com,
908121114,"JOINT KIT,TRANS,PM,15KV,3X185-300,CU",shubham.kumbhar@dynatechconsultancy.com,manish.soni@dynatechconsultancy.com,
908121120,"TERM KIT,STR,PM,36KV,50/16MM2,CU,AR,I/D",shubham.kumbhar@dynatechconsultancy.com,manish.soni@dynatechconsultancy.com,
908121121,"TERM KIT,ST,PM,15KV,50/16MM2,CU,I/D",shubham.kumbhar@dynatechconsultancy.com,manish.soni@dynatechconsultancy.com,
908121123,"TERM KIT,RT,PM,15KV,3X70/16MM2,AL,I/D",shubham.kumbhar@dynatechconsultancy.com,manish.soni@dynatechconsultancy.com,
908121130,"JOINT KIT,STR,PM,36KV,500/35MM2,CU",shubham.kumbhar@dynatechconsultancy.com,manish.soni@dynatechconsultancy.com,
908121133,"TERM KIT,STR,PM,36KV,500/35MM2,CU,O/D",shubham.kumbhar@dynatechconsultancy.com,manish.soni@dynatechconsultancy.com,
908121134,"TERM KIT,STR,PM,36KV,500/35MM2,CU,I/D",shubham.kumbhar@dynatechconsultancy.com,manish.soni@dynatechconsultancy.com,
908121139,"ELBOW,EC,36KV,630A,1X50/16MM2,CU,XLPE",shubham.kumbhar@dynatechconsultancy.com,manish.soni@dynatechconsultancy.com,
908121144,"TERM KIT,L,15KV,600A,3X500MM2,AL,XLPE,AR",shubham.kumbhar@dynatechconsultancy.com,manish.soni@dynatechconsultancy.com,
908121145,"SLEEVE,RPR,HS,15KV,3X500/35MM2,AL,XLPE",shubham.kumbhar@dynatechconsultancy.com,manish.soni@dynatechconsultancy.com,
908121147,"BOOT,STR,HS,15KV,3X500/35MM2,AL,XLPE,AR",shubham.kumbhar@dynatechconsultancy.com,manish.soni@dynatechconsultancy.com,
908121152,"TERM KIT,STR,PM,15KV,3X500/35MM2,AL,I/D",shubham.kumbhar@dynatechconsultancy.com,manish.soni@dynatechconsultancy.com,
908121153,"JOINT KIT,TRANS,PM,15KV,300-500/35MM2,BM",shubham.kumbhar@dynatechconsultancy.com,manish.soni@dynatechconsultancy.com,
908121156,"JOINT KIT,TRANS,PM,15KV,185-500/35MM2,BM",shubham.kumbhar@dynatechconsultancy.com,manish.soni@dynatechconsultancy.com,
908121158,"JOINT KIT,TRANS,PM,15KV,500-300/35MM2,AL",shubham.kumbhar@dynatechconsultancy.com,manish.soni@dynatechconsultancy.com,
908121169,"TERM KIT:CBL,PLUGIN,1250A,36KV,1X500SQMM",shubham.kumbhar@dynatechconsultancy.com,manish.soni@dynatechconsultancy.com,
908121170,"JOINT KIT,C/R,15KV,3CX500,AL ARM",shubham.kumbhar@dynatechconsultancy.com,manish.soni@dynatechconsultancy.com,
908121171,"JOINT KIT,C/R,15KV,3CX300-500,CU-AL ARM",shubham.kumbhar@dynatechconsultancy.com,manish.soni@dynatechconsultancy.com,
908121172,"JOINT KIT,C/R,15KV,3CX185-500,CU-AL ARM",shubham.kumbhar@dynatechconsultancy.com,manish.soni@dynatechconsultancy.com,
908121173,"JOINT KIT,C/R,15KV,3CX300-500,AL ARM",shubham.kumbhar@dynatechconsultancy.com,manish.soni@dynatechconsultancy.com,
908121176,"TERM KIT:CBL,PLUGIN,1250A,36KV,3X400 SQM",shubham.kumbhar@dynatechconsultancy.com,manish.soni@dynatechconsultancy.com,
908121177,"TERM KIT:CBL,PLUGIN,800A,36KV,3X400 SQMM",shubham.kumbhar@dynatechconsultancy.com,manish.soni@dynatechconsultancy.com,
908121178,"TERM KIT,STR,PM,36KV,3X400/35MM2 AL,I/D",shubham.kumbhar@dynatechconsultancy.com,manish.soni@dynatechconsultancy.com,
908121179,"PLICE KIT:CABLE,PREMOLD,STRAIG",shubham.kumbhar@dynatechconsultancy.com,manish.soni@dynatechconsultancy.com,
908121180,"JOINT KIT,TRANS,PM,36KV,3X400/35,CU-AL",shubham.kumbhar@dynatechconsultancy.com,manish.soni@dynatechconsultancy.com,
908121181,"JOINT KIT,C/R,36KV,3CX400/35,AL TO CU",shubham.kumbhar@dynatechconsultancy.com,manish.soni@dynatechconsultancy.com,
908121182,"CONN,ELEC,EL,DB",shubham.kumbhar@dynatechconsultancy.com,manish.soni@dynatechconsultancy.com,
908121183,"BOOT,STR,36KV,3CX400/35 MM2",shubham.kumbhar@dynatechconsultancy.com,manish.soni@dynatechconsultancy.com,
908121184,"CAP,CBL END,3CX400 MM2,36 KV, AL, LLDPE",shubham.kumbhar@dynatechconsultancy.com,manish.soni@dynatechconsultancy.com,
908121186,"TERM KIT,STR,PM,36KV,3X400MM2,AL/LLDPE,O",shubham.kumbhar@dynatechconsultancy.com,manish.soni@dynatechconsultancy.com,
908122001,"CONNECTOR,LUG,16MM2 CU,(1)M10 BLT HL",shubham.kumbhar@dynatechconsultancy.com,manish.soni@dynatechconsultancy.com,
908122003,"CONNECTOR,LUG,50MM2 CU,(1)M12 BLT HL",shubham.kumbhar@dynatechconsultancy.com,manish.soni@dynatechconsultancy.com,
908122005,"CONNECTOR,LUG,300MM2 CU,(1)M16 BLT HL",shubham.kumbhar@dynatechconsultancy.com,manish.soni@dynatechconsultancy.com,
908122007,"CONNECTOR,LUG,300MM2 AL,(1)M17 BLT HL",shubham.kumbhar@dynatechconsultancy.com,manish.soni@dynatechconsultancy.com,
908122009,"CONNECTOR,LUG,185MM2 AL,(1)M12 BLT HL",shubham.kumbhar@dynatechconsultancy.com,manish.soni@dynatechconsultancy.com,
908122010,"CONNECTOR,LUG,70MM2 AL,(1)M12 BLT HL",shubham.kumbhar@dynatechconsultancy.com,manish.soni@dynatechconsultancy.com,
908122011,"CONNECTOR,LUG,300MM2 AL,(1)M10 BLT HL",shubham.kumbhar@dynatechconsultancy.com,manish.soni@dynatechconsultancy.com,
908122012,"CONNECTOR,LUG,300MM2 AL/CU,(1)M10 BLT HL",shubham.kumbhar@dynatechconsultancy.com,manish.soni@dynatechconsultancy.com,
908122013,"CONNECTOR,SLV,35MM2 AL,TIN PLT AL",shubham.kumbhar@dynatechconsultancy.com,manish.soni@dynatechconsultancy.com,
908122014,"CONNECTOR,SLV,70MM2 AL,TIN PLT AL",shubham.kumbhar@dynatechconsultancy.com,manish.soni@dynatechconsultancy.com,
908122015,"CONNECTOR,SLV,185MM2 AL,TIN PLT AL",shubham.kumbhar@dynatechconsultancy.com,manish.soni@dynatechconsultancy.com,
908122016,"CONNECTOR,SLV,300MM2 AL,TIN PLT AL",shubham.kumbhar@dynatechconsultancy.com,manish.soni@dynatechconsultancy.com,
908122017,"CONNECTOR,SLV,35MM2 CU,TIN PLT CU",shubham.kumbhar@dynatechconsultancy.com,manish.soni@dynatechconsultancy.com,
908122018,"CONNECTOR,SLV,185MM2 CU,TIN PLT CU",shubham.kumbhar@dynatechconsultancy.com,manish.soni@dynatechconsultancy.com,
908122019,"CONNECTOR,SLV,300MM2 AL,TIN PLT CU",shubham.kumbhar@dynatechconsultancy.com,manish.soni@dynatechconsultancy.com,
908122020,"CONNECTOR,SLV,95-70MM2 AL,TIN PLT AL",shubham.kumbhar@dynatechconsultancy.com,manish.soni@dynatechconsultancy.com,
908122021,"CONNECTOR,SLV,185-95MM2 AL,TIN PLT AL",shubham.kumbhar@dynatechconsultancy.com,manish.soni@dynatechconsultancy.com,
908122022,"CONNECTOR,SLV,185-120 MM2,AL",shubham.kumbhar@dynatechconsultancy.com,manish.soni@dynatechconsultancy.com,
908122023,"CONNECTOR,SLV,300-150MM2 AL,TINPLT AL",shubham.kumbhar@dynatechconsultancy.com,manish.soni@dynatechconsultancy.com,
908122024,"CONNECTOR,SLV,AL,500-300MM2",shubham.kumbhar@dynatechconsultancy.com,manish.soni@dynatechconsultancy.com,
908122026,"CONNECTOR,SLV,50MM2 AL-35MM2 CU,BIMTLC",shubham.kumbhar@dynatechconsultancy.com,manish.soni@dynatechconsultancy.com,
908122027,"CONNECTOR,SLV,70MM2 AL-35MM2 CU,BIMTLC",shubham.kumbhar@dynatechconsultancy.com,manish.soni@dynatechconsultancy.com,
908122028,"CONNECTOR,SLV,95MM2 AL-70MM2 CU,BIMTLC",shubham.kumbhar@dynatechconsultancy.com,manish.soni@dynatechconsultancy.com,
908122029,"CONNECTOR,SLV,120MM2 AL-70MM2 CU,BIMTLC",shubham.kumbhar@dynatechconsultancy.com,manish.soni@dynatechconsultancy.com,
908122030,"CONNECTOR,SLV,150MM2 AL-95MM2 CU,BIMTLC",shubham.kumbhar@dynatechconsultancy.com,manish.soni@dynatechconsultancy.com,
908122031,"CONNECTOR,SLV,185MM2 AL-120MM2 CU,BIMTLC",shubham.kumbhar@dynatechconsultancy.com,manish.soni@dynatechconsultancy.com,
908122032,"CONNECTOR,SLV,300MM2 AL-120MM2 CU,BIMTLC",shubham.kumbhar@dynatechconsultancy.com,manish.soni@dynatechconsultancy.com,
908122033,"CONNECTOR,SLV,300MM2 AL X 185MM2 CU",shubham.kumbhar@dynatechconsultancy.com,manish.soni@dynatechconsultancy.com,
908122034,"CONNECTOR,LUG,70SQMM CU,13MMDIA,40.4MMLG",shubham.kumbhar@dynatechconsultancy.com,manish.soni@dynatechconsultancy.com,
908122035,"CONNECTOR,LUG,120SQMM CU,13MMDIA,85MM LG",shubham.kumbhar@dynatechconsultancy.com,manish.soni@dynatechconsultancy.com,
908122036,"CONNECTOR,LUG,120SQMM AL,13MMDIA,85MM LG",shubham.kumbhar@dynatechconsultancy.com,manish.soni@dynatechconsultancy.com,
908122038,"CONNECTOR,LUG,500SQMM CU,17MMDIA,108MMLG",shubham.kumbhar@dynatechconsultancy.com,manish.soni@dynatechconsultancy.com,
908122040,"CONNECTOR,SLV,15KV,500MM2,AL,TIN PLT AL",shubham.kumbhar@dynatechconsultancy.com,manish.soni@dynatechconsultancy.com,
908122041,"CONNECTOR,LUG,15KV,500MM2,AL,17MM HL",shubham.kumbhar@dynatechconsultancy.com,manish.soni@dynatechconsultancy.com,
908122042,"CONNECTOR,LUG,BM,15KV,500MM2,M16,COMP",shubham.kumbhar@dynatechconsultancy.com,manish.soni@dynatechconsultancy.com,
908122043,"CONNECTOR,SLV,BM,500-185MM2",shubham.kumbhar@dynatechconsultancy.com,manish.soni@dynatechconsultancy.com,
908122044,"CONNECTOR,SLV,BM,500-300MM2",shubham.kumbhar@dynatechconsultancy.com,manish.soni@dynatechconsultancy.com,
908122045,"CONN,ELEC,TERM,15KV,500SQMM,BI,4HPAD",shubham.kumbhar@dynatechconsultancy.com,manish.soni@dynatechconsultancy.com,
908122046,"CONN,ELEC,TERM,15KV,300SQMM,BI,2HPAD",shubham.kumbhar@dynatechconsultancy.com,manish.soni@dynatechconsultancy.com,
908122050,"CONN,ELEC,TERM,15KV,300SQMM,CU,2HPD",shubham.kumbhar@dynatechconsultancy.com,manish.soni@dynatechconsultancy.com,
908122051,"CONN,ELEC,TERM,36KV,500SQMM,CU,4HPAD",shubham.kumbhar@dynatechconsultancy.com,manish.soni@dynatechconsultancy.com,
908125001,"SPLICE,FB OPT,96,FIBER CABLE CLOSURE KIT",shubham.kumbhar@dynatechconsultancy.com,manish.soni@dynatechconsultancy.com,
908151006,"INSULATOR,STAND-OFF,PORC,35KV,195MM,660",shubham.kumbhar@dynatechconsultancy.com,manish.soni@dynatechconsultancy.com,
908202014,"BOLT,MACH,GS,20MM DIA,225MM LG,HEX",shubham.kumbhar@dynatechconsultancy.com,manish.soni@dynatechconsultancy.com,
908202020,"BOLT,MACH,GS,20MM DIA,325MM LG,HEX",shubham.kumbhar@dynatechconsultancy.com,manish.soni@dynatechconsultancy.com,
908202028,"CONNECTOR,LUG,17.35MM DIA,1-14.5MMDIA HL",shubham.kumbhar@dynatechconsultancy.com,manish.soni@dynatechconsultancy.com,
908202029,"CONNECTOR,LUG,11.34MM DIA,1-14.5MMDIA HL",shubham.kumbhar@dynatechconsultancy.com,manish.soni@dynatechconsultancy.com,
908202030,"CONNECTOR,LUG,35SQMM CU,1-13.2MM DIA HL",shubham.kumbhar@dynatechconsultancy.com,manish.soni@dynatechconsultancy.com,
908202034,"CONNECTOR,TERM,PLUG,AL,170.5SQMM ACSR/AW",shubham.kumbhar@dynatechconsultancy.com,manish.soni@dynatechconsultancy.com,
908202035,"CONNECTOR,TERM,PLUG,AL,67.44SQMM ACSR/AW",shubham.kumbhar@dynatechconsultancy.com,manish.soni@dynatechconsultancy.com,
908202050,"ROD,ARMOR,AA,170.5SQMM ACSR/AW,5.18MMDIA",shubham.kumbhar@dynatechconsultancy.com,manish.soni@dynatechconsultancy.com,
908202056,"SIGN,ELEC SFTY,DANGER HV,150X150X1.5MMTH",shubham.kumbhar@dynatechconsultancy.com,manish.soni@dynatechconsultancy.com,
908202058,"SLEEVE,REPAIR,170SQMM ACSR,AL,295MM LG",shubham.kumbhar@dynatechconsultancy.com,manish.soni@dynatechconsultancy.com,
908202059,"SLEEVE,REPAIR,125.1SQMMACSR,AL,275MM LG",shubham.kumbhar@dynatechconsultancy.com,manish.soni@dynatechconsultancy.com,
908202060,"CONNECTOR,SLV,120X50SQMM AL,AL W/NYL JKT",shubham.kumbhar@dynatechconsultancy.com,manish.soni@dynatechconsultancy.com,
908202066,"CONNECTOR,SLV,50SQMM,AL W/ NYL JKT",shubham.kumbhar@dynatechconsultancy.com,manish.soni@dynatechconsultancy.com,
908202070,"TIE,CABLE,PA,40-230MM,7.8MMWD",shubham.kumbhar@dynatechconsultancy.com,manish.soni@dynatechconsultancy.com,
908202071,"TIE,INSUL,PREF SIDE,MERLIN,73MM THR DIA",shubham.kumbhar@dynatechconsultancy.com,manish.soni@dynatechconsultancy.com,
908202072,"TIE,INSUL,PREF TOP,MERLIN,ARM,73MM THR",shubham.kumbhar@dynatechconsultancy.com,manish.soni@dynatechconsultancy.com,
908202073,"TIE,INSUL,PREF SIDE,QUAIL,73MM THR DIA",shubham.kumbhar@dynatechconsultancy.com,manish.soni@dynatechconsultancy.com,
908202074,"TIE,INSUL,PREF SIDE,QUAIL,ARM,73MM THR",shubham.kumbhar@dynatechconsultancy.com,manish.soni@dynatechconsultancy.com,
908202078,"TIE,INSUL,PREF SIDE,MERLIN,ARM,73MM THR",shubham.kumbhar@dynatechconsultancy.com,manish.soni@dynatechconsultancy.com,
908202084,"BRACKET,INSUL,PSD,HOR,100X9X265MM",shubham.kumbhar@dynatechconsultancy.com,manish.soni@dynatechconsultancy.com,
908202097,"CLAMP,SUSP,AA,17.35MM DIA,45KN UTS",shubham.kumbhar@dynatechconsultancy.com,manish.soni@dynatechconsultancy.com,
908202105,"HOLDER,POLE NUM TAG,AL,50X40X1X400MM",shubham.kumbhar@dynatechconsultancy.com,manish.soni@dynatechconsultancy.com,
908202106,"TAG,POLE NUMBERING,DIGIT""O"",AL,20X1X47MM",shubham.kumbhar@dynatechconsultancy.com,manish.soni@dynatechconsultancy.com,
908202107,"TAG,POLE NUMBERING,DIGIT""1"",AL,20X1X47MM",shubham.kumbhar@dynatechconsultancy.com,manish.soni@dynatechconsultancy.com,
908202108,"TAG,POLE NUMBERING,DIGIT""2"",AL,20X1X47MM",shubham.kumbhar@dynatechconsultancy.com,manish.soni@dynatechconsultancy.com,
908202109,"TAG,POLE NUMBERING,DIGIT""3"",AL,20X1X47MM",shubham.kumbhar@dynatechconsultancy.com,manish.soni@dynatechconsultancy.com,
908202110,"TAG,POLE NUMBERING,DIGIT""4"",AL,20X1X47MM",shubham.kumbhar@dynatechconsultancy.com,manish.soni@dynatechconsultancy.com,
908202111,"TAG,POLE NUMBERING,DIGIT""5"",AL,20X1X47MM",shubham.kumbhar@dynatechconsultancy.com,manish.soni@dynatechconsultancy.com,
908202112,"TAG,POLE NUMBERING,DIGIT""6"",AL,20X1X47MM",shubham.kumbhar@dynatechconsultancy.com,manish.soni@dynatechconsultancy.com,
908202113,"TAG,POLE NUMBERING,DIGIT""7"",AL,20X1X47MM",shubham.kumbhar@dynatechconsultancy.com,manish.soni@dynatechconsultancy.com,
908202114,"TAG,POLE NUMBERING,DIGIT""8"",AL,20X1X47MM",shubham.kumbhar@dynatechconsultancy.com,manish.soni@dynatechconsultancy.com,
908202115,"TAG,POLE NUMBERING,DIGIT""9"",AL,20X1X47MM",shubham.kumbhar@dynatechconsultancy.com,manish.soni@dynatechconsultancy.com,
908202116,"TAG,POLE NUMBERING,DASH ""-"",AL,20X1X47MM",shubham.kumbhar@dynatechconsultancy.com,manish.soni@dynatechconsultancy.com,
908202117,"TAG,POLE NUMBERING,SLASH""/"",AL,20X1X47MM",shubham.kumbhar@dynatechconsultancy.com,manish.soni@dynatechconsultancy.com,
908202118,"TAG,POLE NUMBERING,LTR""A"",AL,20X1X47MM",shubham.kumbhar@dynatechconsultancy.com,manish.soni@dynatechconsultancy.com,
908202119,"TAG,POLE NUMBERING,LTR""B"",AL,20X1X47MM",shubham.kumbhar@dynatechconsultancy.com,manish.soni@dynatechconsultancy.com,
908202120,"TAG,POLE NUMBERING,LTR""C"",AL,20X1X47MM",shubham.kumbhar@dynatechconsultancy.com,manish.soni@dynatechconsultancy.com,
908202121,"TAG,POLE NUMBERING,LTR""D"",AL,20X1X47MM",shubham.kumbhar@dynatechconsultancy.com,manish.soni@dynatechconsultancy.com,
908202122,"TAG,POLE NUMBERING,LTR""E"",AL,20X1X47MM",shubham.kumbhar@dynatechconsultancy.com,manish.soni@dynatechconsultancy.com,
908202123,"TAG,POLE NUMBERING,LTR""F"",AL,20X1X47MM",shubham.kumbhar@dynatechconsultancy.com,manish.soni@dynatechconsultancy.com,
908202124,"TAG,POLE NUMBERING,LTR""G"",AL,20X1X47MM",shubham.kumbhar@dynatechconsultancy.com,manish.soni@dynatechconsultancy.com,
908202125,"TAG,POLE NUMBERING,LTR""H"",AL,20X1X47MM",shubham.kumbhar@dynatechconsultancy.com,manish.soni@dynatechconsultancy.com,
908202126,"TAG,POLE NUMBERING,LTR""I"",AL,20X1X47MM",shubham.kumbhar@dynatechconsultancy.com,manish.soni@dynatechconsultancy.com,
908202127,"TAG,POLE NUMBERING,LTR""J"",AL,20X1X47MM",shubham.kumbhar@dynatechconsultancy.com,manish.soni@dynatechconsultancy.com,
908202128,"TAG,POLE NUMBERING,LTR""K"",AL,20X1X47MM",shubham.kumbhar@dynatechconsultancy.com,manish.soni@dynatechconsultancy.com,
908202129,"TAG,POLE NUMBERING,LTR""L"",AL,20X1X47MM",shubham.kumbhar@dynatechconsultancy.com,manish.soni@dynatechconsultancy.com,
908202130,"TAG,POLE NUMBERING,LTR""M"",AL,20X1X47MM",shubham.kumbhar@dynatechconsultancy.com,manish.soni@dynatechconsultancy.com,
908202131,"TAG,POLE NUMBERING,LTR""N"",AL,20X1X47MM",shubham.kumbhar@dynatechconsultancy.com,manish.soni@dynatechconsultancy.com,
908202132,"TAG,POLE NUMBERING,LTR""O"",AL,20X1X47MM",shubham.kumbhar@dynatechconsultancy.com,manish.soni@dynatechconsultancy.com,
908202133,"TAG,POLE NUMBERING,LTR""P"",AL,20X1X47MM",shubham.kumbhar@dynatechconsultancy.com,manish.soni@dynatechconsultancy.com,
908202134,"TAG,POLE NUMBERING,LTR""Q"",AL,20X1X47MM",shubham.kumbhar@dynatechconsultancy.com,manish.soni@dynatechconsultancy.com,
908202135,"TAG,POLE NUMBERING,LTR""R"",AL,20X1X47MM",shubham.kumbhar@dynatechconsultancy.com,manish.soni@dynatechconsultancy.com,
908202136,"TAG,POLE NUMBERING,LTR""S"",AL,20X1X47MM",shubham.kumbhar@dynatechconsultancy.com,manish.soni@dynatechconsultancy.com,
908202137,"TAG,POLE NUMBERING,LTR""T"",AL,20X1X47MM",shubham.kumbhar@dynatechconsultancy.com,manish.soni@dynatechconsultancy.com,
908202138,"TAG,POLE NUMBERING,LTR""U"",AL,20X1X47MM",shubham.kumbhar@dynatechconsultancy.com,manish.soni@dynatechconsultancy.com,
908202139,"TAG,POLE NUMBERING,LTR""V"",AL,20X1X47MM",shubham.kumbhar@dynatechconsultancy.com,manish.soni@dynatechconsultancy.com,
908202140,"TAG,POLE NUMBERING,LTR""W"",AL,20X1X47MM",shubham.kumbhar@dynatechconsultancy.com,manish.soni@dynatechconsultancy.com,
908202141,"TAG,POLE NUMBERING,LTR""X"",AL,20X1X47MM",shubham.kumbhar@dynatechconsultancy.com,manish.soni@dynatechconsultancy.com,
908202142,"TAG,POLE NUMBERING,LTR""Y"",AL,20X1X47MM",shubham.kumbhar@dynatechconsultancy.com,manish.soni@dynatechconsultancy.com,
908202143,"TAG,POLE NUMBERING,LTR""Z"",AL,20X1X47MM",shubham.kumbhar@dynatechconsultancy.com,manish.soni@dynatechconsultancy.com,
908202144,"HOLDER,EQUIPMENT NUM TAG,AL,98X1X400MM",shubham.kumbhar@dynatechconsultancy.com,manish.soni@dynatechconsultancy.com,
908202145,"TAG,EQUIP NUMBERING,DIGIT""O"",AL,63X1X95",shubham.kumbhar@dynatechconsultancy.com,manish.soni@dynatechconsultancy.com,
908202146,"TAG,EQUIP NUMBERING,DIGIT""1"",AL,63X1X95",shubham.kumbhar@dynatechconsultancy.com,manish.soni@dynatechconsultancy.com,
908202147,"TAG,EQUIP NUMBERING,DIGIT""2"",AL,63X1X95",shubham.kumbhar@dynatechconsultancy.com,manish.soni@dynatechconsultancy.com,
908202148,"TAG,EQUIP NUMBERING,DIGIT""3"",AL,63X1X95",shubham.kumbhar@dynatechconsultancy.com,manish.soni@dynatechconsultancy.com,
908202149,"TAG,EQUIP NUMBERING,DIGIT""4"",AL,63X1X95",shubham.kumbhar@dynatechconsultancy.com,manish.soni@dynatechconsultancy.com,
908202150,"TAG,EQUIP NUMBERING,DIGIT""5"",AL,63X1X95",shubham.kumbhar@dynatechconsultancy.com,manish.soni@dynatechconsultancy.com,
908202151,"TAG,EQUIP NUMBERING,DIGIT""6"",AL,63X1X95",shubham.kumbhar@dynatechconsultancy.com,manish.soni@dynatechconsultancy.com,
908202152,"TAG,EQUIP NUMBERING,DIGIT""7"",AL,63X1X95",shubham.kumbhar@dynatechconsultancy.com,manish.soni@dynatechconsultancy.com,
908202153,"TAG,EQUIP NUMBERING,DIGIT""8"",AL,63X1X95",shubham.kumbhar@dynatechconsultancy.com,manish.soni@dynatechconsultancy.com,
908202154,"TAG,EQUIP NUMBERING,DIGIT""9"",AL,63X1X95",shubham.kumbhar@dynatechconsultancy.com,manish.soni@dynatechconsultancy.com,
908202155,"TAG,EQUIP NUMBERING,DASH""-"",AL,63X1X95",shubham.kumbhar@dynatechconsultancy.com,manish.soni@dynatechconsultancy.com,
908202156,"TAG,EQUIP NUMBERING,SLASH""/"",AL,63X1X95",shubham.kumbhar@dynatechconsultancy.com,manish.soni@dynatechconsultancy.com,
908202157,"TAG,EQUIP NUMBERING,LTR""A"",AL,63X1X95",shubham.kumbhar@dynatechconsultancy.com,manish.soni@dynatechconsultancy.com,
908202158,"TAG,EQUIP NUMBERING,LTR""B"",AL,63X1X95",shubham.kumbhar@dynatechconsultancy.com,manish.soni@dynatechconsultancy.com,
908202159,"TAG,EQUIP NUMBERING,LTR""C"",AL,63X1X95",shubham.kumbhar@dynatechconsultancy.com,manish.soni@dynatechconsultancy.com,
908202160,"TAG,EQUIP NUMBERING,LTR""D"",AL,63X1X95",shubham.kumbhar@dynatechconsultancy.com,manish.soni@dynatechconsultancy.com,
908202161,"TAG,EQUIP NUMBERING,LTR""E"",AL,63X1X95",shubham.kumbhar@dynatechconsultancy.com,manish.soni@dynatechconsultancy.com,
908202162,"TAG,EQUIP NUMBERING,LTR""F"",AL,63X1X95",shubham.kumbhar@dynatechconsultancy.com,manish.soni@dynatechconsultancy.com,
908202163,"TAG,EQUIP NUMBERING,LTR""G"",AL,63X1X95",shubham.kumbhar@dynatechconsultancy.com,manish.soni@dynatechconsultancy.com,
908202164,"TAG,EQUIP NUMBERING,LTR""H"",AL,63X1X95",shubham.kumbhar@dynatechconsultancy.com,manish.soni@dynatechconsultancy.com,
908202165,"TAG,EQUIP NUMBERING,LTR""I"",AL,63X1X95",shubham.kumbhar@dynatechconsultancy.com,manish.soni@dynatechconsultancy.com,
908202166,"TAG,EQUIP NUMBERING,LTR""J"",AL,63X1X95",shubham.kumbhar@dynatechconsultancy.com,manish.soni@dynatechconsultancy.com,
908202167,"TAG,EQUIP NUMBERING,LTR""K"",AL,63X1X95",shubham.kumbhar@dynatechconsultancy.com,manish.soni@dynatechconsultancy.com,
908202168,"TAG,EQUIP NUMBERING,LTR""L"",AL,63X1X95",shubham.kumbhar@dynatechconsultancy.com,manish.soni@dynatechconsultancy.com,
908202169,"TAG,EQUIP NUMBERING,LTR""M"",AL,63X1X95",shubham.kumbhar@dynatechconsultancy.com,manish.soni@dynatechconsultancy.com,
908202170,"TAG,EQUIP NUMBERING,LTR""N"",AL,63X1X95",shubham.kumbhar@dynatechconsultancy.com,manish.soni@dynatechconsultancy.com,
908202171,"TAG,EQUIP NUMBERING,LTR""O"",AL,63X1X95",shubham.kumbhar@dynatechconsultancy.com,manish.soni@dynatechconsultancy.com,
908202172,"TAG,EQUIP NUMBERING,LTR""P"",AL,63X1X95",shubham.kumbhar@dynatechconsultancy.com,manish.soni@dynatechconsultancy.com,
908202173,"TAG,EQUIP NUMBERING,LTR""Q"",AL,63X1X95",shubham.kumbhar@dynatechconsultancy.com,manish.soni@dynatechconsultancy.com,
908202174,"TAG,EQUIP NUMBERING,LTR""R"",AL,63X1X95",shubham.kumbhar@dynatechconsultancy.com,manish.soni@dynatechconsultancy.com,
908202175,"TAG,EQUIP NUMBERING,LTR""S"",AL,63X1X95",shubham.kumbhar@dynatechconsultancy.com,manish.soni@dynatechconsultancy.com,
908202176,"TAG,EQUIP NUMBERING,LTR""T"",AL,63X1X95",shubham.kumbhar@dynatechconsultancy.com,manish.soni@dynatechconsultancy.com,
908202177,"TAG,EQUIP NUMBERING,LTR""U"",AL,63X1X95",shubham.kumbhar@dynatechconsultancy.com,manish.soni@dynatechconsultancy.com,
908202178,"TAG,EQUIP NUMBERING,LTR""V"",AL,63X1X95",shubham.kumbhar@dynatechconsultancy.com,manish.soni@dynatechconsultancy.com,
908202179,"TAG,EQUIP NUMBERING,LTR""W"",AL,63X1X95",shubham.kumbhar@dynatechconsultancy.com,manish.soni@dynatechconsultancy.com,
908202180,"TAG,EQUIP NUMBERING,LTR""X"",AL,63X1X95",shubham.kumbhar@dynatechconsultancy.com,manish.soni@dynatechconsultancy.com,
908202181,"TAG,EQUIP NUMBERING,LTR""Y"",AL,63X1X95",shubham.kumbhar@dynatechconsultancy.com,manish.soni@dynatechconsultancy.com,
908202182,"TAG,EQUIP NUMBERING,LTR""Z"",AL,63X1X95",shubham.kumbhar@dynatechconsultancy.com,manish.soni@dynatechconsultancy.com,
908202195,"WIRE,GUY,STL,12MM DIA,7/4MM,101KN,LH",shubham.kumbhar@dynatechconsultancy.com,manish.soni@dynatechconsultancy.com,
908202200,"CONNECTOR,PG,AL,QUAIL/AW,2-BOLTS",shubham.kumbhar@dynatechconsultancy.com,manish.soni@dynatechconsultancy.com,
908202202,"GRIP,GUY,PREF,GS,840MM LG,65 KN,YELLOW",shubham.kumbhar@dynatechconsultancy.com,manish.soni@dynatechconsultancy.com,
908202211,"CHANNEL,FUSE CUTOUT MTG,GS,125X65X2600MM",shubham.kumbhar@dynatechconsultancy.com,manish.soni@dynatechconsultancy.com,
908202219,"BOLT,MACH,GS,20MM DIA,285MM LG,HEX",shubham.kumbhar@dynatechconsultancy.com,manish.soni@dynatechconsultancy.com,
908202222,"BOLT,EYE,GS,16MM DIA,255MM LG,SHOULDER",shubham.kumbhar@dynatechconsultancy.com,manish.soni@dynatechconsultancy.com,
908202223,"BOLT,EYE,GS,16MM DIA,275MM LG,SHOULDER",shubham.kumbhar@dynatechconsultancy.com,manish.soni@dynatechconsultancy.com,
908202227,"BOLT,EYE,GS,20MM DIA,365MM LG,SHOULDER",shubham.kumbhar@dynatechconsultancy.com,manish.soni@dynatechconsultancy.com,
908202236,"CONNECTOR,PG,70SQMM CU,70SQMM AL,2-BOLT",shubham.kumbhar@dynatechconsultancy.com,manish.soni@dynatechconsultancy.com,
908202237,"CONNECTOR,PG,70SQMM CU,120SQMM AL,2-BOLT",shubham.kumbhar@dynatechconsultancy.com,manish.soni@dynatechconsultancy.com,
908202241,"WIRE,GROUNDING,STL,10SQMMX20M LG",shubham.kumbhar@dynatechconsultancy.com,manish.soni@dynatechconsultancy.com,
908302001,"SWITCH,OHD,BYPASS-REG,13.8KV,400A,552MM",shubham.kumbhar@dynatechconsultancy.com,manish.soni@dynatechconsultancy.com,
908302003,"SWITCH,OHD,BYPASS-REG,33KV,400A,825MM",shubham.kumbhar@dynatechconsultancy.com,manish.soni@dynatechconsultancy.com,
908302005,"SWITCH,OHD,BYPASS-REG,33KV,400A,1320MM",shubham.kumbhar@dynatechconsultancy.com,manish.soni@dynatechconsultancy.com,
908302007,"SWITCH,OHD,DISC-REG,13.8KV,400A,552MM",shubham.kumbhar@dynatechconsultancy.com,manish.soni@dynatechconsultancy.com,
908302010,"SWITCH,OHD,DISC-REG,33KV,400A,1320MM",shubham.kumbhar@dynatechconsultancy.com,manish.soni@dynatechconsultancy.com,
908302015,"SWITCH,OHD,BYPASS-REC,33KV,400A,1320MM",shubham.kumbhar@dynatechconsultancy.com,manish.soni@dynatechconsultancy.com,
908313009,"CABINET,LV,200A,PMT,200A MCB",shubham.kumbhar@dynatechconsultancy.com,manish.soni@dynatechconsultancy.com,
908313010,"CABINET,LV,400A,PMT,2X200A MCB",shubham.kumbhar@dynatechconsultancy.com,manish.soni@dynatechconsultancy.com,
908313011,"CABINET,LV,300A,PMT,300A MCB",shubham.kumbhar@dynatechconsultancy.com,manish.soni@dynatechconsultancy.com,
908313012,"CABINET,LV,400A,PMT,400A MCB",shubham.kumbhar@dynatechconsultancy.com,manish.soni@dynatechconsultancy.com,
908313013,"CABINET,LV,600A,PMT,3X200A MCB",shubham.kumbhar@dynatechconsultancy.com,manish.soni@dynatechconsultancy.com,
908317120,"PANEL,DIST,OD,AL,400/230V,3000A,10CB",shubham.kumbhar@dynatechconsultancy.com,manish.soni@dynatechconsultancy.com,
908318103,"PANEL,DIST,OD,AL,1600A,8CK,6MCCB 400A",shubham.kumbhar@dynatechconsultancy.com,manish.soni@dynatechconsultancy.com,
908321012,"RMU,SF6,13.8KV,400A,CB,3WAY,NON-EXT,OTDR",shubham.kumbhar@dynatechconsultancy.com,manish.soni@dynatechconsultancy.com,
908321014,"RMU,SF6,13.8KV,400A,CB,4WAY,NON-EXT,OTDR",shubham.kumbhar@dynatechconsultancy.com,manish.soni@dynatechconsultancy.com,
908321016,"SWGR,GAS,13.8KV,400A,CB,4WAY,2+2,OUTD",shubham.kumbhar@dynatechconsultancy.com,manish.soni@dynatechconsultancy.com,
908322001,"RMU,METERED,SF6 INSLT,33KV,170KV,2SW+1CB",shubham.kumbhar@dynatechconsultancy.com,manish.soni@dynatechconsultancy.com,
908322002,"RMU,METERED,SF6 INSLT,33KV,170KV,3SW+1CB",shubham.kumbhar@dynatechconsultancy.com,manish.soni@dynatechconsultancy.com,
908322005,"RMU,METERED,SF6INSLT,13.8KV,95KV,2SW+1CB",shubham.kumbhar@dynatechconsultancy.com,manish.soni@dynatechconsultancy.com,
908322006,"RMU,METERED,SF6INSLT,13.8KV,95KV,3SW+1CB",shubham.kumbhar@dynatechconsultancy.com,manish.soni@dynatechconsultancy.com,
908325001,"RMU, METERED,SF6 INSLT, 36KV, 2SW+1CB",shubham.kumbhar@dynatechconsultancy.com,manish.soni@dynatechconsultancy.com,
908325002,"RMU, METERED,SF6 INSLT, 13.8KV, 2SW+1CB",shubham.kumbhar@dynatechconsultancy.com,manish.soni@dynatechconsultancy.com,
908326001,"RMU, METERED,SF6 INSLT, 34.5KV, 2SW+1CB",shubham.kumbhar@dynatechconsultancy.com,manish.soni@dynatechconsultancy.com,
908327001,"SWGR,RMU,INDR,NE,2LBS+1CB,33KV,3 P,60HZ",shubham.kumbhar@dynatechconsultancy.com,manish.soni@dynatechconsultancy.com,
908327002,"SWGR,RMU,INDR,NE,3LBS+1CB,33KV,3 P,60HZ",shubham.kumbhar@dynatechconsultancy.com,manish.soni@dynatechconsultancy.com,
908327003,"SWGR,RMU,INDR,NE,2LBS+2CB,33KV,3 P,60HZ",shubham.kumbhar@dynatechconsultancy.com,manish.soni@dynatechconsultancy.com,
908327006,"SWGR,RMU,ODTR,NE,2LBS+2CB,33KV,3 P,60HZ",shubham.kumbhar@dynatechconsultancy.com,manish.soni@dynatechconsultancy.com,
908331001,"RECLOSER,33KV,560A,170KV BIL,825MM CRP",shubham.kumbhar@dynatechconsultancy.com,manish.soni@dynatechconsultancy.com,
908331002,"RECLOSER,33KV,560A,170KV BIL,1320MM CRP",shubham.kumbhar@dynatechconsultancy.com,manish.soni@dynatechconsultancy.com,
908331005,"RECLOSER,13.8KV,560A,345MM CRP",shubham.kumbhar@dynatechconsultancy.com,manish.soni@dynatechconsultancy.com,
908342031,"FUSE,POWER,17.5KV,31.5A",shubham.kumbhar@dynatechconsultancy.com,manish.soni@dynatechconsultancy.com,
908342032,"FUSE,POWER,17.5KV,50A",shubham.kumbhar@dynatechconsultancy.com,manish.soni@dynatechconsultancy.com,
908342034,"FUSE,PWR,17.5KV,100A,FE",shubham.kumbhar@dynatechconsultancy.com,manish.soni@dynatechconsultancy.com,
908342035,"FUSE.POWER,17.5KV,125A",shubham.kumbhar@dynatechconsultancy.com,manish.soni@dynatechconsultancy.com,
908342036,"FUSE,HI-RUPTURE CAP,CRMC,500V,200A,KBLD",shubham.kumbhar@dynatechconsultancy.com,manish.soni@dynatechconsultancy.com,
908371001,"MCCB,750VAC,30A,3P,220/127&380/220V",shubham.kumbhar@dynatechconsultancy.com,manish.soni@dynatechconsultancy.com,
908371005,"MCCB750VAC,200A,3P,220/127&380/220V",shubham.kumbhar@dynatechconsultancy.com,manish.soni@dynatechconsultancy.com,
908371006,"MCCB750VAC,300A,3P,220/127&380/220V",shubham.kumbhar@dynatechconsultancy.com,manish.soni@dynatechconsultancy.com,
908371007,"MCCB750VAC,400A,3P,220/127&380/220V",shubham.kumbhar@dynatechconsultancy.com,manish.soni@dynatechconsultancy.com,
908371008,"MCCB,750VAC,500A,3P,W/ LOCK",shubham.kumbhar@dynatechconsultancy.com,manish.soni@dynatechconsultancy.com,
908371011,"BREAKER,CRCT,MC,750V,ABS POLE,20 A",shubham.kumbhar@dynatechconsultancy.com,manish.soni@dynatechconsultancy.com,
908371012,"BREAKER,CRCT,MC,750V,3 POLE,40 A",shubham.kumbhar@dynatechconsultancy.com,manish.soni@dynatechconsultancy.com,
908371013,"BREAKER,CRCT,MC,750V,3 POLE,50 A",shubham.kumbhar@dynatechconsultancy.com,manish.soni@dynatechconsultancy.com,
908371014,"BREAKER,CRCT,MC,750V,3 POLE,70 A",shubham.kumbhar@dynatechconsultancy.com,manish.soni@dynatechconsultancy.com,
908371015,"BREAKER,CRCT,MC,750V,3 POLE,125A",shubham.kumbhar@dynatechconsultancy.com,manish.soni@dynatechconsultancy.com,
908371016,"BREAKER,CRCT,MC,750V,3 POLE,250 A",shubham.kumbhar@dynatechconsultancy.com,manish.soni@dynatechconsultancy.com,
908371017,"BREAKER,CRCT,MC,750V,ABS POLE,600 A",shubham.kumbhar@dynatechconsultancy.com,manish.soni@dynatechconsultancy.com,
908371018,"BREAKER,CRCT,MC,750V,ABS POLE,800A",shubham.kumbhar@dynatechconsultancy.com,manish.soni@dynatechconsultancy.com,
908371019,"BREAKER,CRCT,MC,750V,ABS POLE,1000 A",shubham.kumbhar@dynatechconsultancy.com,manish.soni@dynatechconsultancy.com,
908372001,"MCCB750VAC,400A,220/127&380/220V,W/O KEY",shubham.kumbhar@dynatechconsultancy.com,manish.soni@dynatechconsultancy.com,
908373001,"MCCB750VAC,200A,220/127&380/220V,W/O KEY",shubham.kumbhar@dynatechconsultancy.com,manish.soni@dynatechconsultancy.com,
908383000,LV DIGITAL PANEL METER,shubham.kumbhar@dynatechconsultancy.com,manish.soni@dynatechconsultancy.com,
908402102,"METER,ESERV,DIG,CT,133/230/400V,1.5(6)A",shubham.kumbhar@dynatechconsultancy.com,manish.soni@dynatechconsultancy.com,
908402204,"METER,ESERV,DIG,400/230/133V,20(160)A",shubham.kumbhar@dynatechconsultancy.com,manish.soni@dynatechconsultancy.com,
908421008,"LOCK:EQUIPMENT,METER SEAL,PLASTIC/STL,19",shubham.kumbhar@dynatechconsultancy.com,manish.soni@dynatechconsultancy.com,
908431006,"CAPACITOR BANK,600KVAR,15KV,110KV BIL,FX",shubham.kumbhar@dynatechconsultancy.com,manish.soni@dynatechconsultancy.com,
908431008,"CAPB,SWITCHED,600KVAR,15KV,552MM CRP",shubham.kumbhar@dynatechconsultancy.com,manish.soni@dynatechconsultancy.com,
908431010,"CAPACITOR BANK,900KVAR,15KV,110KV BIL,FX",shubham.kumbhar@dynatechconsultancy.com,manish.soni@dynatechconsultancy.com,
908431020,"CAPACITOR BANK,600KVAR,36KV,200KV BIL,FX",shubham.kumbhar@dynatechconsultancy.com,manish.soni@dynatechconsultancy.com,
908431022,"CAPACITOR BANK,900KVAR,36KV,200KV BIL,FX",shubham.kumbhar@dynatechconsultancy.com,manish.soni@dynatechconsultancy.com,
908431032,"CAPACITOR:BANK,1200 (3X400)KVAR, 200 BIL",shubham.kumbhar@dynatechconsultancy.com,manish.soni@dynatechconsultancy.com,
908432006,"VOLTAGE REGULATOR,200 A,15KV,1P,552MM",shubham.kumbhar@dynatechconsultancy.com,manish.soni@dynatechconsultancy.com,
908432008,"VOLTAGE REGULATOR,300 A,15KV,1P,552MM",shubham.kumbhar@dynatechconsultancy.com,manish.soni@dynatechconsultancy.com,
908432010,"VOLTAGE REGULATOR,400 A,15KV,1P,552MM",shubham.kumbhar@dynatechconsultancy.com,manish.soni@dynatechconsultancy.com,
908432012,"VOLTAGE REGULATOR,100A,36KV,1P,1320MM",shubham.kumbhar@dynatechconsultancy.com,manish.soni@dynatechconsultancy.com,
908432016,"VOLTAGE REGULATOR,200A,36KV,1P,1320MM",shubham.kumbhar@dynatechconsultancy.com,manish.soni@dynatechconsultancy.com,
908501001,"TFMR,CT,LV,200/5A,10VA",shubham.kumbhar@dynatechconsultancy.com,manish.soni@dynatechconsultancy.com,
908501002,"TFMR,CT,LV,300/5A,10VA",shubham.kumbhar@dynatechconsultancy.com,manish.soni@dynatechconsultancy.com,
908501003,"TFMR,CT,LV,400/5A,10VA",shubham.kumbhar@dynatechconsultancy.com,manish.soni@dynatechconsultancy.com,
908501004,"TFMR,CT,LV,500/5A,10VA",shubham.kumbhar@dynatechconsultancy.com,manish.soni@dynatechconsultancy.com,
908501005,"TFMR,CT,LV,600/5A,10VA",shubham.kumbhar@dynatechconsultancy.com,manish.soni@dynatechconsultancy.com,
908501006,"TFMR,CT,LV,800/5A,10VA",shubham.kumbhar@dynatechconsultancy.com,manish.soni@dynatechconsultancy.com,
908501007,"TFMR,CT,LV,1500/5A,10VA,SOLID CORE",shubham.kumbhar@dynatechconsultancy.com,manish.soni@dynatechconsultancy.com,
908501008,"TFMR,CT,LV,3000/5A,10VA,SOLID CORE",shubham.kumbhar@dynatechconsultancy.com,manish.soni@dynatechconsultancy.com,
908501009,"TFMR,CT,LV,4000/5A,10VA,SOLID CORE",shubham.kumbhar@dynatechconsultancy.com,manish.soni@dynatechconsultancy.com,
908501109,"TFMR,CT,LV,4000/5A,10VA,SPLIT CORE",shubham.kumbhar@dynatechconsultancy.com,manish.soni@dynatechconsultancy.com,
908501111,"TFMR,CUR,720V,250:5A AR,60HZ,CL0.5",shubham.kumbhar@dynatechconsultancy.com,manish.soni@dynatechconsultancy.com,
908501112,"TFMR,CUR,0.72/3/6 KV,150:5 A AR,60HZ,0.5",shubham.kumbhar@dynatechconsultancy.com,manish.soni@dynatechconsultancy.com,
908513001,"TFMR,PL,100KVA,13.8KX400/230V,110KVB,AL",shubham.kumbhar@dynatechconsultancy.com,manish.soni@dynatechconsultancy.com,
908513003,"TFMR,PD,1.5MVA,13.8KX400/230V,110KVB,AL",shubham.kumbhar@dynatechconsultancy.com,manish.soni@dynatechconsultancy.com,
908513004,"TFMR,PF,200KVA,13.8KX400/230V,110KVB,AL",shubham.kumbhar@dynatechconsultancy.com,manish.soni@dynatechconsultancy.com,
908513006,"TFMR,PF,300KVA,13.8KX400/230V,110KVB,AL",shubham.kumbhar@dynatechconsultancy.com,manish.soni@dynatechconsultancy.com,
908513007,"TFMR,PD,500KVA,13.8KX400/230V,110KVB,AL",shubham.kumbhar@dynatechconsultancy.com,manish.soni@dynatechconsultancy.com,
908513017,"TFMR,PD,1MVA,33KX400/230V,200KVB,AL",shubham.kumbhar@dynatechconsultancy.com,manish.soni@dynatechconsultancy.com,
908513018,"TFMR,PD,1.5MVA,33KX400/230V,200KVB,AL",shubham.kumbhar@dynatechconsultancy.com,manish.soni@dynatechconsultancy.com,
908513019,"TFMR,PF,200KVA,33KX400/230V,200KVB,AL",shubham.kumbhar@dynatechconsultancy.com,manish.soni@dynatechconsultancy.com,
908513020,"TFMR,PD,300KVA,33KX400/230V,200KVB,AL",shubham.kumbhar@dynatechconsultancy.com,manish.soni@dynatechconsultancy.com,
908513021,"TFMR,PF,300KVA,33KX400/230V,200KVB,AL",shubham.kumbhar@dynatechconsultancy.com,manish.soni@dynatechconsultancy.com,
908513022,"TFMR,PD,500KVA,33KX400/230V,200KVB,AL",shubham.kumbhar@dynatechconsultancy.com,manish.soni@dynatechconsultancy.com,
908513024,"TFMR,PD,1MVA,34.5KX400/230V,170KV,AL",shubham.kumbhar@dynatechconsultancy.com,manish.soni@dynatechconsultancy.com,
908513025,"TFMR,PD,1.5MVA,34.5KX400/230/133V,170KAL",shubham.kumbhar@dynatechconsultancy.com,manish.soni@dynatechconsultancy.com,
908513026,"TFMR,PF,200KVA,34.5KX400/230V,170KVB,AL",shubham.kumbhar@dynatechconsultancy.com,manish.soni@dynatechconsultancy.com,
908513027,"TFMR,PF,300KVA,34.5KX400/230V,170KVB,AL",shubham.kumbhar@dynatechconsultancy.com,manish.soni@dynatechconsultancy.com,
908513028,"TFMR,PD,500KVA,34.5KX400/230V,170KVB,AL",shubham.kumbhar@dynatechconsultancy.com,manish.soni@dynatechconsultancy.com,
908514001,"TFMR,PL,100KVA,13.8KX400/230/133V,110KAL",shubham.kumbhar@dynatechconsultancy.com,manish.soni@dynatechconsultancy.com,
908514003,"TFMR,PD,1.5MVA,13.8KX400/230/133V,110KAL",shubham.kumbhar@dynatechconsultancy.com,manish.soni@dynatechconsultancy.com,
908514004,"TFMR,PF,200KVA,13.8KX400/230/133V,110KAL",shubham.kumbhar@dynatechconsultancy.com,manish.soni@dynatechconsultancy.com,
908514006,"TFMR,PF,300KVA,13.8KX400/230/133V,110KAL",shubham.kumbhar@dynatechconsultancy.com,manish.soni@dynatechconsultancy.com,
908514012,"TFMR,PL,100KVA,33KX400/230/133V,200KV,AL",shubham.kumbhar@dynatechconsultancy.com,manish.soni@dynatechconsultancy.com,
908514014,"TFMR,PF,200KVA,33KX400/230/133V,200KV,AL",shubham.kumbhar@dynatechconsultancy.com,manish.soni@dynatechconsultancy.com,
908514016,"TFMR,PF,300KVA,33KX400/230/133V,200KV,AL",shubham.kumbhar@dynatechconsultancy.com,manish.soni@dynatechconsultancy.com,
908567018,"TFMR,U/S,500KVA,AL,13.8KV,400/231/133V,6",shubham.kumbhar@dynatechconsultancy.com,manish.soni@dynatechconsultancy.com,
908567022,"TFMR,U/S,500KVAAL,13.8KV,400/231/133V,16",shubham.kumbhar@dynatechconsultancy.com,manish.soni@dynatechconsultancy.com,
908567023,"TFMR,U/S,1MVAAL,13.8KV,400/231/133V,30",shubham.kumbhar@dynatechconsultancy.com,manish.soni@dynatechconsultancy.com,
908569100,"TFMR,U/S,500KVA,13.8KV,400/230V,4CK,2MCC",shubham.kumbhar@dynatechconsultancy.com,manish.soni@dynatechconsultancy.com,
908569104,"TFMR,U/S,1500KVA,AL,13.8KV,400/230V,2500",shubham.kumbhar@dynatechconsultancy.com,manish.soni@dynatechconsultancy.com,
908569105,"TFMR,U/S,1.5MVA,13.8KV,400/230V,10CK,8MC",shubham.kumbhar@dynatechconsultancy.com,manish.soni@dynatechconsultancy.com,
908569107,"TFMR,U/S,500KVA,AL,13.8KV,400/230V,800A",shubham.kumbhar@dynatechconsultancy.com,manish.soni@dynatechconsultancy.com,
908569114,"TFMR,U/S,1MVA,13.8KV,400/230V,8CK,6MCCB",shubham.kumbhar@dynatechconsultancy.com,manish.soni@dynatechconsultancy.com,
908569115,"TFMR,U/S,1000KVA,AL,13.8KV,400/230V,1600",shubham.kumbhar@dynatechconsultancy.com,manish.soni@dynatechconsultancy.com,
